Date,رواتب,عمل مياومة,Resume,عمل من المنزل,عملي,عمل للمرأة,عمل,بدور على شغل,بدي شغل,وظيفة,شغل,مصاري,ضمان اجتماعي,من وين نجيب,عامل,وظيفتي,شغل حلال,ظايل نسرق,شغلي,تسريح,ضرائب,تعسفي,اقتطاع,موارد بشرية,بيت.كوم,اجر,اجور,راتب,Unemployment,employment,employee,fired,employer,understanding,payment,i work,income,bonus,per diem,deduction,taxes,spending,hr,bayt.com,akhtaboot,human resources,cv,مياومة,بطالة,unemployed,ساعدوني بشغل,بدل تعطل,كسب سريع,كسب حلال,انفاق,حسم,اخطبوط,موقع بيت للوظائف,Work,salary,job,boss,job hunting,ضريبة,شغلونا,فلوس,مقطوع,بدي أشتغل,تدريب,متدرب,مش عيشة,فلسنا,مفلس
1/1/2010,10,0,0,0,0,0,26,0,0,13,26,0,0,0,48,0,,0,0,0,0,0,0,0,0,0,0,15,0,20,0,0,0,0,0,0,9,0,0,0,0,0,24,13,50,0,37,0,0,0,0,0,0,0,0,0,39,0,28,12,26,0,0,40,0,0,0,0,17,0,0,,0
2/1/2010,8,0,0,0,0,0,26,0,0,28,0,0,0,0,0,0,,0,0,0,0,0,0,0,0,0,0,19,0,0,15,0,0,0,0,0,8,0,0,0,0,0,25,23,62,0,33,0,0,0,0,0,0,0,0,0,28,0,32,0,22,33,0,24,0,0,0,0,13,0,0,,0
3/1/2010,7,0,0,0,0,0,31,0,0,18,0,0,0,0,0,0,,0,0,0,0,0,0,0,0,32,0,16,0,22,34,0,0,0,0,0,10,0,0,0,0,0,40,21,78,0,41,0,0,0,0,0,0,0,0,0,38,0,30,8,23,39,0,18,0,0,0,0,19,0,0,,0
4/1/2010,8,0,14,0,8,0,28,0,0,20,24,0,0,0,54,0,,0,0,0,0,0,0,0,0,33,0,15,0,0,18,0,0,0,14,0,13,0,0,0,0,0,30,0,54,0,39,0,0,0,0,0,0,0,0,0,34,0,28,0,24,0,0,14,0,0,0,0,16,0,0,,0
5/1/2010,13,0,16,0,0,0,27,0,0,27,0,0,0,0,58,0,,0,0,0,0,0,0,0,0,0,100,16,0,0,17,0,0,0,0,0,0,0,0,0,0,0,47,14,58,0,31,0,0,0,0,0,0,0,0,0,41,0,32,10,24,27,0,15,0,0,0,0,21,0,0,,0
6/1/2010,16,0,0,0,0,0,27,0,0,20,0,0,0,0,0,0,,0,0,0,100,0,0,0,0,0,0,18,0,28,15,0,0,0,0,0,0,0,0,0,0,0,49,18,69,0,41,0,0,0,0,0,0,0,0,0,49,0,29,12,24,44,0,11,0,0,0,0,17,0,0,,0
7/1/2010,15,0,22,0,10,0,26,0,0,19,32,0,0,0,39,0,,0,0,0,0,0,0,0,0,32,0,15,0,0,0,0,0,0,0,0,0,0,0,0,0,0,39,12,81,0,42,0,0,0,0,0,0,0,0,0,100,0,26,11,24,39,0,20,0,0,0,0,21,0,0,,0
8/1/2010,8,0,13,0,0,0,39,0,0,22,34,0,0,0,54,0,,0,0,0,0,0,0,0,0,36,0,16,0,0,0,0,0,0,0,0,0,0,0,0,0,100,41,13,74,0,34,0,0,0,0,0,0,0,0,0,44,0,29,11,27,27,0,10,0,0,0,0,15,0,0,,0
9/1/2010,10,0,15,0,0,0,31,0,0,27,25,0,0,0,0,0,,0,0,0,0,0,0,0,0,35,0,16,0,0,16,0,0,0,0,0,10,0,0,0,0,0,44,14,53,0,31,0,0,0,0,0,0,0,0,0,46,0,27,9,28,0,0,10,0,0,0,0,19,0,0,,0
10/1/2010,9,0,19,0,0,0,29,0,0,25,0,0,0,0,0,0,,0,0,0,0,0,0,0,0,27,0,14,0,0,31,0,0,0,0,0,13,0,0,0,0,0,42,0,41,46,30,0,0,0,0,0,0,0,0,0,29,0,35,11,22,29,0,10,0,0,0,0,19,0,0,,0
11/1/2010,11,0,14,0,0,0,26,0,0,22,22,0,0,0,58,0,,0,0,0,0,0,0,0,0,28,0,14,0,0,14,0,0,0,12,0,8,0,0,0,0,0,46,0,50,0,25,0,0,0,0,0,0,0,0,0,36,0,33,0,20,35,0,12,0,0,0,0,12,0,0,,0
12/1/2010,10,0,0,0,0,0,27,0,0,17,19,0,0,0,30,0,,0,0,0,0,0,0,0,0,0,0,14,0,0,16,0,0,0,0,0,12,0,0,0,0,0,35,0,54,0,26,0,0,0,0,0,100,0,0,0,19,0,26,8,20,0,0,11,0,43,0,0,12,0,0,,0
1/1/2011,14,0,10,0,0,0,28,0,0,16,22,0,0,0,12,0,,0,0,0,0,0,0,0,0,22,0,16,0,8,14,0,0,53,9,41,6,66,0,0,15,0,21,7,63,0,32,0,0,0,0,0,0,0,0,0,31,0,31,6,21,29,0,13,0,0,0,0,13,0,0,,0
2/1/2011,10,0,10,0,5,0,29,0,0,19,14,0,0,0,19,0,,0,0,30,0,0,0,0,0,11,0,13,21,14,9,0,0,42,4,35,8,0,0,0,0,0,16,4,66,16,32,0,0,0,0,0,0,0,0,0,32,0,28,8,20,26,0,12,0,0,0,0,14,0,0,,0
3/1/2011,14,0,11,0,0,0,28,0,0,21,21,20,0,0,17,0,,0,0,48,0,0,0,0,0,14,31,12,0,12,13,0,0,44,9,32,5,0,0,0,0,0,13,7,54,17,26,0,0,0,0,0,0,0,0,0,30,0,28,9,21,26,0,12,0,0,0,0,15,0,0,,0
4/1/2011,27,0,9,0,0,0,27,0,0,17,20,12,0,0,20,0,,0,0,0,0,0,0,0,0,17,0,12,0,0,13,0,0,46,11,26,6,0,0,0,0,0,12,5,45,19,27,0,0,0,0,0,0,0,0,0,29,0,28,8,19,32,0,13,0,0,0,0,16,0,0,,0
5/1/2011,18,0,9,0,0,0,27,0,0,15,25,18,0,0,15,0,,0,0,0,0,0,0,0,0,16,0,11,0,14,13,0,0,32,10,50,5,0,0,0,0,0,16,6,45,23,23,0,0,0,0,0,0,0,0,0,29,0,27,8,20,29,0,8,0,0,0,0,16,0,0,,0
6/1/2011,27,0,13,0,3,0,26,0,0,17,34,22,0,0,24,0,,0,0,0,0,0,0,0,0,28,0,13,0,15,10,0,0,0,8,40,7,0,0,0,0,0,13,9,62,0,34,0,0,0,0,0,0,0,0,0,29,0,26,9,20,27,0,8,0,0,0,0,16,0,0,,0
7/1/2011,12,0,9,0,0,0,25,0,0,16,22,12,0,0,28,0,,0,0,26,0,0,58,0,0,20,0,13,17,15,8,0,0,30,7,33,5,0,0,0,0,0,10,6,50,14,28,0,0,0,0,0,0,0,0,0,25,0,25,9,20,34,0,9,0,0,0,0,15,0,0,,0
8/1/2011,16,0,6,0,0,0,42,0,0,14,19,26,0,0,17,0,,0,0,48,0,0,0,0,0,29,51,17,0,6,10,0,0,25,6,39,5,0,0,0,0,0,9,5,65,0,26,0,0,0,0,0,0,0,0,0,29,0,24,8,18,36,0,6,0,22,0,0,15,0,0,,0
9/1/2011,14,0,9,0,4,0,28,0,0,19,21,16,0,0,21,0,,0,0,30,26,0,0,0,0,30,0,13,0,12,8,0,0,37,6,32,4,0,0,0,0,0,14,5,56,13,31,0,0,0,0,0,0,0,0,0,29,0,27,10,21,34,0,7,0,21,0,0,18,0,0,,0
10/1/2011,11,0,11,0,4,0,27,0,0,22,29,15,0,0,31,0,,0,0,40,0,0,0,0,0,22,0,11,17,11,10,0,0,37,6,24,7,50,0,0,0,0,15,9,55,14,21,2,0,0,0,0,0,0,0,0,29,0,27,9,19,45,0,7,0,17,0,0,17,0,0,,0
11/1/2011,19,0,8,0,4,0,27,0,0,18,21,15,0,0,31,0,,0,0,24,0,0,0,0,0,30,0,11,0,11,9,0,0,31,8,34,8,49,0,0,10,0,12,6,33,0,21,0,100,0,0,0,0,0,0,0,19,0,27,9,17,34,0,7,0,0,0,0,12,0,0,,0
12/1/2011,39,0,7,0,3,0,28,0,0,16,25,15,0,0,28,0,,0,0,29,0,0,39,0,0,28,0,17,0,12,13,0,0,36,7,27,7,0,0,0,0,0,13,5,41,20,17,0,0,0,0,29,0,0,0,0,17,0,25,9,16,31,0,8,0,0,0,0,15,0,0,,0
1/1/2012,100,0,7,0,2,0,32,0,0,16,29,14,0,0,24,0,,0,0,31,0,0,0,0,0,24,0,36,15,13,17,0,0,23,7,38,4,0,0,0,8,0,13,7,49,0,24,0,0,0,0,0,0,0,0,0,21,0,22,11,15,33,0,8,0,17,22,0,12,0,0,,0
2/1/2012,54,0,9,0,3,0,31,0,0,15,30,18,0,0,27,0,,0,0,27,0,0,0,0,0,30,20,28,0,9,17,0,71,38,7,30,3,65,0,0,0,0,12,10,56,12,22,0,0,0,0,0,0,0,0,0,24,0,22,9,16,35,0,9,0,0,0,0,12,0,0,,0
3/1/2012,33,0,9,0,3,0,30,0,0,14,28,14,1,0,29,0,,0,0,0,0,0,0,0,0,26,55,18,0,8,15,0,0,40,6,24,5,37,0,0,0,0,12,8,54,16,20,0,0,0,0,0,0,0,0,0,21,7,24,10,15,29,0,9,0,12,27,0,11,0,0,,0
4/1/2012,14,0,8,0,2,0,33,0,0,17,30,13,0,0,30,0,,0,0,0,0,0,0,0,0,22,27,21,0,11,6,0,0,36,8,33,4,0,0,0,0,0,9,5,47,19,18,0,0,0,0,0,0,0,0,0,20,0,24,8,16,28,0,12,0,14,0,0,14,0,0,,0
5/1/2012,9,0,10,0,2,0,28,0,0,15,27,12,0,0,81,0,,0,0,32,0,0,0,0,0,23,0,16,17,7,9,3,0,0,8,24,5,0,0,0,0,0,12,7,50,16,21,0,0,0,0,0,0,0,0,0,24,0,21,8,16,32,0,7,0,14,0,0,14,0,0,,0
6/1/2012,9,0,9,0,3,0,31,0,0,15,32,31,0,0,27,0,,0,0,48,0,0,32,0,0,17,0,13,0,10,11,0,0,35,6,22,5,0,0,0,0,0,13,7,48,0,25,0,0,0,0,0,0,0,0,0,26,0,20,9,15,36,0,7,0,17,0,0,15,0,0,,0
7/1/2012,12,0,7,0,0,0,42,0,0,14,28,21,1,0,25,0,,0,0,37,0,0,0,0,0,25,23,14,0,7,8,5,0,36,9,33,3,72,0,0,11,0,12,9,45,15,23,0,0,0,0,0,0,0,0,0,25,0,23,9,17,43,0,9,0,15,0,0,14,0,0,,0
8/1/2012,16,0,5,0,2,0,40,0,0,13,29,23,0,0,29,0,,0,0,49,0,0,0,0,0,29,26,14,11,6,10,0,0,19,7,26,4,32,0,0,8,0,10,6,34,11,22,0,0,0,0,0,0,0,0,0,23,0,20,8,14,36,0,5,0,23,23,0,16,0,0,,0
9/1/2012,14,0,10,58,3,0,34,0,0,23,28,15,0,0,29,0,,0,0,28,0,0,0,0,0,20,60,14,0,5,9,3,0,39,8,32,4,0,0,0,7,0,13,8,40,8,27,0,0,0,0,0,0,0,33,0,21,0,22,10,17,36,0,7,0,32,26,0,17,0,0,,0
10/1/2012,12,0,9,0,2,0,33,0,0,18,30,18,0,0,34,0,,0,0,39,0,0,0,0,0,37,0,12,13,8,9,0,0,34,6,21,5,31,0,0,0,0,12,4,30,11,20,0,0,0,0,0,0,0,0,0,20,0,22,8,15,28,0,5,0,32,0,0,12,0,0,,0
11/1/2012,10,0,10,0,3,0,34,0,0,20,32,18,0,0,26,0,,0,0,24,0,0,0,0,0,25,39,15,15,10,10,0,0,31,8,29,7,32,0,0,9,0,12,5,43,16,20,0,0,0,0,0,0,0,22,0,18,0,24,9,16,33,0,17,0,20,0,0,11,0,0,,0
12/1/2012,12,0,7,0,3,0,38,0,0,16,36,18,0,0,28,0,,0,0,47,0,0,0,0,0,18,23,13,11,8,13,0,69,24,8,28,6,55,0,0,7,0,9,5,36,16,22,0,0,0,0,0,0,0,0,0,15,0,23,7,16,38,0,11,0,0,0,0,13,0,0,,0
1/1/2013,13,0,7,0,2,0,38,0,0,15,31,24,0,0,30,0,,0,0,36,0,0,0,0,0,19,24,21,0,9,7,2,0,19,9,27,4,40,0,0,0,0,9,4,33,8,19,0,0,0,0,0,0,0,0,0,26,0,18,9,15,38,0,7,0,19,0,0,11,0,0,,0
2/1/2013,17,0,11,0,2,0,37,0,0,20,36,17,0,0,30,0,,0,0,30,0,0,0,0,100,27,41,18,12,8,9,0,0,23,8,26,6,42,0,0,8,0,13,7,40,16,22,0,0,0,0,0,0,0,0,0,23,0,22,10,16,36,0,9,0,21,0,0,15,0,0,,0
3/1/2013,15,0,7,0,3,0,37,0,0,16,37,21,0,0,29,0,,0,0,31,0,0,0,71,0,26,29,13,0,6,9,0,65,32,8,40,5,45,0,0,7,0,14,5,49,17,19,0,0,0,0,0,0,0,0,87,21,0,22,7,18,32,0,11,0,24,0,0,14,0,0,,0
4/1/2013,12,0,8,0,3,0,37,0,0,16,22,18,0,0,26,0,,0,0,33,0,0,0,0,0,25,0,15,0,6,9,2,0,25,9,30,6,37,0,0,6,0,14,5,40,10,19,0,0,0,0,0,0,0,0,0,23,0,23,8,16,37,0,12,0,22,31,0,13,0,0,,0
5/1/2013,11,0,9,50,3,0,34,0,0,16,42,18,0,0,24,0,,0,0,51,0,0,0,0,0,30,0,14,10,9,9,5,64,24,9,24,4,34,0,0,8,0,11,5,32,11,20,0,0,0,0,0,0,0,0,0,23,0,22,8,16,41,0,9,0,20,0,0,13,0,0,,0
6/1/2013,8,0,8,0,3,0,35,0,0,17,35,18,1,0,23,0,,0,0,59,0,0,0,0,0,31,16,11,0,10,9,3,0,25,7,26,5,36,0,0,0,0,11,4,47,11,21,0,0,0,0,0,0,0,0,78,25,0,20,7,14,35,0,7,0,29,0,0,14,0,0,,0
7/1/2013,13,0,7,0,2,0,57,0,0,15,28,21,0,0,23,0,,0,0,68,0,0,0,0,0,28,0,12,13,8,7,0,56,20,6,22,4,35,0,0,5,0,10,4,33,0,19,0,0,0,0,0,0,0,0,0,16,0,18,7,14,38,0,6,0,21,24,0,13,0,0,,0
8/1/2013,10,0,8,40,3,0,38,0,0,16,35,28,0,0,29,0,,0,0,52,0,0,0,0,0,23,18,10,0,8,7,0,0,26,7,27,3,21,0,0,6,0,8,5,29,8,22,0,0,0,0,0,0,0,0,0,16,0,17,8,14,32,0,5,0,27,0,0,17,0,0,,0
9/1/2013,12,0,7,0,3,0,40,0,0,24,38,21,0,0,31,0,,0,0,55,0,0,0,0,0,28,17,12,0,8,8,0,0,20,7,24,5,0,0,0,4,13,12,5,32,8,19,0,0,0,0,0,0,0,27,0,20,0,23,8,16,38,0,8,0,16,20,0,17,0,0,,0
10/1/2013,15,0,8,42,3,0,40,0,0,18,37,20,0,0,32,0,,0,0,40,0,0,0,0,0,34,0,16,12,9,8,0,0,34,8,21,5,36,0,0,6,0,12,3,30,12,16,0,0,0,0,0,0,0,0,0,23,0,22,6,14,38,0,6,0,22,24,0,14,0,0,,0
11/1/2013,12,0,9,0,4,0,46,0,0,22,43,18,0,0,38,26,,0,0,43,0,0,0,0,0,30,17,12,16,8,8,2,0,31,8,23,7,44,0,0,8,0,13,5,29,11,18,0,0,0,0,0,0,0,18,0,32,0,24,8,15,41,0,6,0,22,19,0,15,0,0,,0
12/1/2013,14,0,7,0,5,0,48,0,0,17,48,20,0,0,34,0,,0,0,38,0,0,0,0,0,27,16,15,9,5,10,2,0,25,7,31,5,26,0,0,5,0,12,5,33,7,17,0,0,0,0,0,0,100,18,0,17,0,22,7,14,43,0,6,0,23,28,0,13,0,0,,0
1/1/2014,19,0,7,0,4,0,49,0,0,17,45,25,0,0,30,34,,0,0,51,0,0,0,0,0,23,23,20,13,8,8,2,0,23,6,19,5,36,0,0,7,0,11,4,39,10,19,0,0,0,0,0,0,0,15,0,21,0,20,9,16,35,0,9,0,22,29,0,14,0,0,,0
2/1/2014,18,0,10,40,3,0,45,0,0,20,39,23,0,0,37,42,,0,0,46,12,0,39,50,0,30,26,16,0,8,10,3,49,32,7,23,7,26,0,0,0,0,10,4,43,12,21,0,0,0,0,0,0,0,0,0,24,0,19,9,16,37,0,61,0,21,22,0,15,0,0,,0
3/1/2014,15,0,8,32,5,0,47,0,0,19,45,21,1,0,30,29,,0,0,48,0,0,24,0,0,30,19,14,19,9,8,2,0,25,8,23,6,29,0,0,8,12,13,5,49,13,20,0,0,0,0,0,0,0,0,70,28,0,22,8,16,37,0,100,0,26,23,0,15,0,0,,0
4/1/2014,17,0,7,0,6,0,43,0,0,17,36,18,1,0,33,0,,0,0,57,0,0,26,0,0,35,0,13,16,9,12,2,37,33,9,23,5,23,0,0,7,0,14,5,52,15,20,0,0,0,0,0,0,0,0,0,27,0,21,9,16,38,0,66,0,20,20,0,16,0,0,,0
5/1/2014,16,0,8,42,5,0,44,0,0,18,36,27,0,0,38,0,,100,0,74,0,0,25,0,0,31,11,12,11,9,12,3,0,39,11,23,5,36,76,0,6,0,13,3,43,12,19,0,0,0,0,0,0,0,14,65,26,0,21,9,16,41,0,8,0,25,41,0,16,0,0,,0
6/1/2014,17,0,6,0,4,0,47,0,0,16,33,20,0,0,28,0,,0,0,61,0,0,0,0,0,27,43,10,11,9,9,0,0,22,8,18,4,27,80,0,8,0,12,4,47,9,18,0,39,0,0,0,0,0,0,0,30,0,19,8,13,42,0,7,0,25,24,0,16,0,0,,0
7/1/2014,19,0,7,0,3,0,67,0,0,12,28,34,0,0,25,0,,0,0,50,12,0,0,48,0,46,58,12,0,4,7,2,46,14,6,18,4,20,0,0,0,13,10,2,39,9,17,0,0,0,0,0,0,0,38,63,25,0,16,10,12,34,0,5,0,26,32,0,14,0,0,,0
8/1/2014,11,0,6,33,4,0,44,0,0,20,42,25,1,0,33,0,,0,0,67,0,0,0,0,0,29,12,11,8,6,11,3,40,23,8,24,4,27,0,0,5,0,13,5,45,9,20,0,0,0,0,0,0,0,97,0,33,0,20,9,16,44,0,12,0,34,31,0,20,0,0,,0
9/1/2014,19,0,7,0,4,0,52,0,0,28,50,27,1,0,38,44,,0,0,71,0,0,0,43,0,40,15,12,0,10,8,0,45,28,7,27,4,37,0,0,7,0,14,5,53,9,20,0,0,0,0,0,0,0,23,0,34,0,22,10,18,40,0,12,0,29,27,2,19,0,0,,0
10/1/2014,8,0,7,40,3,0,52,0,0,22,50,25,0,0,41,0,,0,0,53,0,0,25,0,0,38,0,12,9,8,8,2,0,21,7,28,4,31,0,0,6,11,14,3,39,6,16,0,0,0,0,0,0,0,19,0,36,0,21,8,15,45,0,6,0,26,33,0,16,0,0,,0
11/1/2014,23,0,7,36,6,0,59,0,0,21,55,18,0,0,38,31,,0,0,61,10,0,26,0,0,41,12,13,14,7,12,2,46,29,9,23,5,20,0,0,6,0,14,3,38,13,18,0,0,0,0,0,0,0,15,57,39,0,22,9,15,42,0,7,0,27,26,0,16,0,0,,0
12/1/2014,19,0,9,41,6,0,56,0,0,19,52,27,0,0,37,28,,0,0,58,0,0,37,0,0,31,16,14,8,7,9,2,0,30,8,26,5,32,0,0,7,10,10,2,42,7,18,0,0,0,0,0,0,0,13,0,29,0,21,8,14,37,0,9,0,31,29,0,16,0,0,,0
1/1/2015,40,0,6,36,3,0,62,0,0,15,53,31,0,0,37,25,,0,0,55,0,0,39,52,0,28,52,16,12,8,7,1,0,17,7,24,5,35,0,0,8,0,10,4,35,10,16,0,0,0,0,0,0,0,0,0,28,0,18,8,14,54,0,10,0,29,26,0,14,0,0,,0
2/1/2015,33,0,9,0,3,0,57,95,0,21,43,24,0,0,40,22,,0,0,49,0,0,21,0,0,30,35,20,9,5,9,2,0,23,7,23,4,45,0,0,7,0,12,4,45,10,18,0,0,0,0,0,0,0,15,0,33,0,17,7,14,45,0,8,0,35,37,0,17,0,0,,0
3/1/2015,30,0,10,40,3,0,54,0,0,22,46,33,0,0,48,35,,0,0,40,0,0,20,51,0,33,17,14,8,8,9,1,0,32,9,25,6,0,58,0,6,11,14,3,48,14,19,0,0,0,0,0,0,0,17,0,33,0,21,8,17,37,0,11,0,29,37,0,15,0,0,,0
4/1/2015,34,0,6,0,6,0,51,0,0,19,40,25,0,0,45,22,,0,0,57,0,0,25,41,0,32,17,12,9,6,9,2,0,23,10,21,4,34,82,0,7,0,12,3,38,12,20,0,0,0,0,0,0,0,13,87,30,0,21,8,14,44,0,11,0,32,26,0,16,0,0,,0
5/1/2015,18,0,6,37,4,0,48,0,0,19,42,30,0,0,43,25,,0,0,65,0,0,25,37,0,36,13,13,17,7,8,2,39,25,8,23,5,23,61,0,7,0,13,3,43,9,19,0,0,0,0,0,0,0,0,0,28,0,20,8,14,42,0,7,0,37,33,0,18,0,0,,0
6/1/2015,18,0,8,0,4,0,71,0,0,17,38,30,0,0,50,25,,0,0,70,0,0,18,48,0,49,64,13,10,7,8,1,55,27,10,27,4,23,0,0,9,0,12,4,48,11,19,0,0,0,0,0,0,0,0,0,34,0,19,9,14,46,0,7,0,42,39,0,16,0,0,,0
7/1/2015,24,0,5,0,5,0,62,0,54,16,36,42,0,0,37,20,,0,0,77,0,0,19,40,0,44,43,14,7,5,7,1,0,23,8,22,4,44,0,0,9,0,11,2,37,5,19,0,0,0,0,0,0,0,0,0,31,0,19,11,13,52,0,5,0,44,34,0,17,0,0,,0
8/1/2015,16,0,7,31,4,0,49,0,0,23,49,35,0,0,46,34,,0,0,100,0,64,18,51,0,35,21,13,6,8,8,0,33,23,9,25,5,18,0,0,4,9,12,3,45,11,21,0,0,0,0,0,0,0,0,0,35,0,20,10,14,48,0,6,0,42,34,0,18,0,0,,0
9/1/2015,20,0,6,29,3,0,50,0,0,22,49,34,1,100,47,47,,0,0,64,0,0,29,0,0,59,21,13,8,6,7,0,35,16,8,22,4,41,51,0,5,10,12,3,45,7,20,0,0,0,0,0,0,0,20,54,35,0,19,10,14,49,0,5,0,38,27,0,17,0,0,,0
10/1/2015,14,0,7,51,4,66,55,0,0,27,49,30,0,0,78,43,,0,0,75,0,0,27,0,0,38,12,13,11,6,10,0,0,24,9,22,6,28,49,0,5,0,16,3,41,8,19,0,0,0,0,0,0,0,15,0,37,0,21,10,15,48,0,6,0,33,41,0,17,44,0,,81
11/1/2015,15,0,7,26,5,0,59,0,0,25,59,30,0,0,48,30,,0,0,51,12,0,29,43,0,31,19,12,8,6,12,0,0,34,8,17,6,25,54,0,7,10,12,2,50,10,17,0,0,0,0,0,0,0,17,62,35,0,19,8,13,42,0,9,0,33,33,0,19,0,0,,0
12/1/2015,29,0,7,33,5,0,61,0,0,23,56,32,0,0,53,44,,0,0,56,0,0,23,42,0,36,51,18,10,9,11,2,35,23,9,24,6,37,0,0,7,0,11,1,43,11,17,1,0,0,0,0,0,0,12,57,37,0,22,8,14,39,0,8,0,42,37,0,15,0,0,,0
1/1/2016,21,0,6,27,3,0,60,0,0,18,60,33,0,0,40,18,,0,0,58,0,0,43,36,0,32,41,18,6,7,9,2,0,20,8,32,5,29,0,0,6,0,12,1,41,8,18,0,0,0,0,0,0,0,20,0,34,0,20,8,12,49,0,8,0,33,28,0,14,0,0,,65
2/1/2016,20,0,8,0,4,0,55,100,54,22,49,31,1,0,56,31,,0,0,56,0,66,35,46,0,34,56,18,10,9,8,2,32,22,10,19,6,30,0,0,8,10,12,2,41,10,19,0,0,0,0,0,0,0,25,0,35,0,24,8,14,43,0,9,0,41,30,0,15,0,0,,0
3/1/2016,16,0,7,0,4,0,53,0,0,23,51,29,0,0,53,42,,0,0,60,0,0,40,0,0,33,25,14,14,9,8,0,41,30,8,27,6,30,0,0,6,11,12,2,40,9,19,0,0,0,0,0,0,0,14,0,37,0,27,8,13,41,0,9,0,37,81,0,17,0,0,,0
4/1/2016,14,0,6,0,5,0,48,0,0,21,50,29,0,0,46,0,,0,0,62,0,0,28,46,0,35,26,17,8,8,10,0,36,29,9,20,5,23,0,0,6,0,15,2,43,10,18,0,0,0,0,0,0,0,18,74,35,0,25,8,12,50,0,10,0,36,100,0,15,0,0,,0
5/1/2016,13,0,6,41,4,0,49,0,0,19,46,29,0,0,56,25,,0,0,60,0,0,30,36,0,37,18,13,11,6,10,1,33,23,8,24,5,35,48,0,6,0,13,2,37,7,18,0,0,0,0,0,0,0,15,45,34,0,24,9,13,51,0,7,0,34,60,0,16,0,0,,0
6/1/2016,19,0,7,52,5,0,80,0,0,16,40,38,1,0,45,0,,0,0,49,0,0,18,0,0,57,48,13,7,6,6,2,38,17,8,25,5,25,0,0,6,0,10,2,37,7,18,0,0,0,100,0,0,0,0,53,30,0,20,10,12,44,0,7,0,42,57,0,14,0,0,,0
7/1/2016,13,0,7,36,4,0,48,0,0,17,48,38,1,0,40,43,,0,0,76,0,0,17,0,0,36,43,12,6,6,8,1,39,18,9,21,4,36,0,0,10,12,12,2,35,4,19,0,0,0,0,0,0,0,0,0,34,0,21,10,12,47,0,5,0,49,53,0,19,0,0,,0
8/1/2016,14,0,6,35,5,0,46,0,45,19,51,39,1,0,45,40,,0,0,74,17,0,18,52,0,33,32,11,6,7,8,1,30,19,8,25,5,30,0,0,7,9,11,3,36,7,19,0,0,0,0,0,0,0,0,0,31,0,20,9,12,48,0,6,0,53,42,0,19,0,0,,0
9/1/2016,15,0,5,40,4,0,47,0,0,22,51,40,0,0,45,44,,0,0,63,0,0,21,0,0,51,28,12,11,6,7,0,0,18,9,27,4,21,0,0,5,10,12,2,31,0,16,0,0,0,0,0,0,0,0,0,34,0,21,8,11,42,0,6,0,49,46,0,17,0,0,,0
10/1/2016,14,0,7,46,4,0,53,0,0,30,60,35,0,0,51,69,,0,0,54,0,0,26,63,75,36,36,14,8,9,11,2,0,39,7,27,7,15,0,0,6,10,15,3,37,11,21,0,0,0,0,0,0,0,15,52,38,0,24,9,14,34,0,7,0,41,48,0,17,44,0,,0
11/1/2016,13,0,5,33,5,0,54,0,59,26,57,38,0,0,72,25,,0,0,38,0,0,35,38,0,30,35,14,10,9,12,3,0,34,9,29,6,28,0,0,6,10,12,2,37,11,17,0,0,0,0,0,0,0,0,0,36,0,24,9,13,41,0,7,1,41,52,0,16,0,0,,0
12/1/2016,18,0,4,33,5,0,57,0,0,22,54,36,1,0,49,22,,0,0,45,10,0,32,0,0,35,20,29,0,4,10,1,34,20,9,26,4,0,0,0,0,0,10,1,29,8,14,0,0,0,0,0,0,0,0,0,27,0,20,7,12,48,0,6,0,45,52,0,15,0,0,,0
1/1/2017,17,0,6,26,5,0,53,0,0,21,51,41,1,0,46,22,,0,0,43,13,0,38,46,0,30,32,25,7,9,9,2,57,23,10,22,5,27,0,0,8,0,14,0,35,9,20,0,0,0,0,0,0,0,0,0,31,0,23,9,12,48,0,10,0,47,45,0,15,0,0,,79
2/1/2017,18,0,8,39,4,0,52,86,0,25,51,38,1,0,48,31,,0,0,36,0,0,60,38,0,40,44,17,9,7,10,2,36,25,9,23,5,0,0,0,7,0,13,1,39,8,21,0,0,0,0,0,0,0,0,0,31,0,22,11,14,46,0,13,0,49,46,0,16,0,0,,0
3/1/2017,12,0,6,29,5,0,49,0,0,24,49,33,1,0,40,26,,0,0,38,0,0,25,42,0,34,21,18,8,7,8,2,44,26,8,17,6,18,0,0,5,13,13,0,33,7,19,0,0,0,0,0,0,0,0,63,28,0,23,10,13,44,0,11,0,48,33,0,16,0,0,,0
4/1/2017,16,0,7,51,8,0,46,0,0,23,48,34,1,0,53,40,,0,0,52,0,0,26,32,0,38,11,12,11,7,9,0,0,35,7,21,6,21,0,0,9,9,12,3,33,8,19,0,0,0,0,0,0,0,17,49,28,0,21,9,13,99,0,12,0,43,43,0,18,0,0,,0
5/1/2017,17,0,6,29,5,0,52,0,0,21,43,41,0,0,49,38,,0,0,41,11,0,55,0,0,40,15,14,13,6,9,2,32,24,9,23,5,29,0,0,7,12,13,0,33,11,19,0,0,0,0,0,0,0,0,62,27,0,21,10,13,88,0,10,0,49,40,0,17,0,0,,0
6/1/2017,15,0,5,49,4,0,67,0,0,16,44,50,0,0,43,0,,0,0,43,0,0,31,44,0,49,21,13,9,7,8,3,47,23,9,26,4,32,0,0,7,0,10,2,29,7,18,0,0,0,0,0,0,0,16,0,28,0,19,11,12,100,0,6,0,47,43,0,14,0,0,,0
7/1/2017,14,0,9,0,4,0,44,0,0,19,57,49,1,0,52,0,,0,0,64,16,0,39,0,0,29,32,12,7,7,9,0,48,31,9,25,6,31,0,0,8,0,14,2,37,7,24,0,0,0,0,0,0,0,13,0,36,0,22,11,15,90,0,9,0,53,38,0,22,0,0,,0
8/1/2017,17,0,8,0,3,0,43,0,0,20,58,43,1,0,46,0,,0,0,59,10,0,25,0,0,44,39,15,7,8,10,0,41,24,10,25,4,33,0,0,6,0,14,2,35,6,22,0,0,0,0,0,0,0,0,0,30,0,21,11,14,74,0,8,0,46,39,0,18,0,0,,0
9/1/2017,11,0,8,55,5,0,43,0,0,28,55,50,0,0,46,0,,0,0,44,0,0,40,0,0,33,42,14,0,6,9,0,0,22,9,29,5,32,0,0,9,10,13,2,38,11,22,0,0,0,0,0,0,0,0,0,39,0,24,11,15,60,0,12,0,43,35,0,20,0,0,,0
10/1/2017,13,0,9,52,5,0,50,0,53,29,60,48,1,0,63,39,,0,5,47,0,0,33,0,0,35,37,14,12,9,12,2,49,27,10,28,8,29,0,0,5,0,17,2,36,9,22,0,0,0,0,0,0,0,0,0,35,0,25,11,15,54,0,10,0,52,51,0,19,0,0,,0
11/1/2017,12,0,9,39,6,0,52,0,0,24,63,51,0,0,71,0,,0,0,45,14,0,46,46,0,33,18,13,8,9,14,2,0,39,11,32,8,38,0,0,9,11,17,3,38,8,21,0,0,0,0,0,0,0,21,58,36,0,27,12,14,56,0,12,0,57,46,0,17,0,0,,0
12/1/2017,19,0,7,0,4,0,54,0,0,24,60,48,1,0,60,0,,0,0,29,0,0,32,0,0,38,23,22,10,7,10,0,0,29,13,26,7,33,0,0,11,0,14,2,31,11,18,0,0,0,0,0,0,0,17,0,32,0,22,10,14,60,0,14,0,48,40,0,16,0,0,,0
1/1/2018,15,0,9,0,3,0,54,0,68,20,62,53,1,0,50,34,,0,0,37,18,0,59,96,0,38,41,26,9,10,10,0,40,35,10,22,7,28,65,0,8,0,17,2,46,8,24,0,0,0,0,0,0,0,16,0,38,0,22,12,15,70,0,45,0,59,54,0,16,0,0,,0
2/1/2018,16,0,9,60,5,0,49,0,0,25,55,48,2,0,49,0,,0,0,30,14,0,51,69,0,34,62,20,0,8,11,0,43,23,13,20,8,27,74,0,8,15,13,2,43,12,25,0,0,0,0,0,0,0,15,0,36,0,24,12,13,51,0,46,0,45,51,0,19,0,0,,0
3/1/2018,12,0,10,41,5,0,44,0,82,21,56,43,2,0,54,0,,0,0,35,0,0,67,44,0,41,21,16,13,8,11,2,0,30,12,22,8,28,0,0,9,0,17,2,45,7,24,1,0,0,0,0,0,0,0,0,36,0,25,13,16,54,0,45,0,37,38,0,17,0,0,,0
4/1/2018,14,0,8,42,5,0,43,0,0,23,53,45,1,0,45,0,,0,0,33,0,0,48,0,0,42,0,20,0,8,14,0,48,25,14,22,10,29,80,0,14,0,15,2,36,8,24,0,0,0,0,0,0,0,15,0,36,0,24,12,15,57,0,68,0,46,83,0,16,0,0,,0
5/1/2018,17,0,9,0,4,0,59,0,0,20,46,47,1,0,51,0,,0,0,26,21,0,44,0,0,52,26,18,10,8,9,2,59,16,11,25,8,30,100,0,10,0,14,2,38,0,22,0,0,0,0,0,0,0,0,0,29,0,24,13,14,47,0,47,0,55,40,0,16,0,0,,0
6/1/2018,18,0,9,0,3,0,47,0,0,19,50,49,1,0,45,0,,0,0,34,18,0,0,0,0,37,27,16,9,8,9,0,0,20,10,22,7,36,0,0,12,0,14,2,31,7,23,0,0,0,0,0,0,0,0,0,32,0,20,13,13,54,0,28,0,52,55,0,18,0,0,,0
7/1/2018,16,0,9,0,4,0,39,0,0,23,72,55,1,0,54,0,,0,0,38,14,0,43,44,0,39,40,18,9,10,11,0,40,22,15,32,7,32,0,0,6,0,19,0,35,11,27,0,0,0,0,0,0,0,18,0,36,0,26,15,16,54,0,18,0,58,53,0,22,0,0,,0
8/1/2018,15,0,8,31,3,0,39,0,74,21,58,56,1,0,54,0,,0,0,49,12,0,33,92,0,56,83,17,9,9,9,0,0,23,14,25,4,36,0,0,8,12,15,2,33,6,23,0,0,0,0,0,0,0,0,0,26,0,23,14,14,60,1,15,0,51,46,0,19,0,0,,0
9/1/2018,16,0,8,44,4,0,43,0,64,28,70,51,1,0,53,0,,0,0,43,0,0,44,100,0,41,55,26,10,8,12,0,57,24,10,25,7,34,0,0,7,0,14,1,41,11,24,0,0,0,0,0,0,0,15,0,41,0,25,16,17,61,0,33,0,61,44,0,24,0,0,,0
10/1/2018,13,0,9,0,5,0,44,0,0,28,63,45,2,0,74,34,,0,0,29,0,0,49,70,0,38,28,17,15,7,14,0,47,33,14,30,6,57,0,0,5,15,19,0,36,11,21,1,0,0,0,0,0,0,0,0,27,0,28,13,16,46,0,17,0,50,47,0,20,0,0,,0
11/1/2018,11,0,8,0,5,0,46,0,0,20,59,38,1,0,82,0,,0,0,33,20,0,41,67,0,41,18,20,8,13,15,0,57,33,13,24,9,44,0,0,9,0,18,2,32,7,18,0,0,0,0,0,0,0,0,0,27,0,27,14,15,45,0,28,0,54,64,0,15,0,0,,0
12/1/2018,17,0,8,0,4,0,47,0,0,26,60,47,1,0,55,0,,0,0,17,0,0,33,53,0,36,18,28,15,12,12,2,45,24,13,19,9,35,0,0,10,15,16,0,37,13,22,0,0,0,0,0,0,0,0,0,30,0,25,19,17,57,0,37,0,59,56,0,15,0,0,,0
1/1/2019,17,0,11,32,5,0,46,0,94,19,53,46,1,0,100,29,,0,0,29,12,0,54,0,0,34,27,31,15,7,15,0,43,20,13,29,9,52,0,0,12,21,17,2,39,14,24,0,0,0,0,0,0,0,24,0,26,0,25,19,14,59,0,46,0,49,58,0,17,57,0,,0
2/1/2019,15,0,9,0,3,0,42,0,0,22,56,44,2,0,45,0,,0,0,21,0,0,38,54,0,46,21,23,19,12,11,0,0,22,13,28,9,68,0,77,14,0,17,2,41,11,25,0,0,0,0,0,0,0,0,61,26,0,24,15,17,52,0,45,0,56,47,0,18,0,0,,0
3/1/2019,16,0,9,0,5,0,42,0,0,23,60,39,1,0,52,46,,0,0,23,0,82,42,0,0,37,25,20,13,11,16,0,68,37,14,28,9,68,0,0,14,14,17,2,34,12,24,0,0,0,0,0,0,0,0,60,28,0,26,17,14,55,0,42,0,45,51,0,17,0,0,,0
4/1/2019,16,0,8,0,4,0,41,0,0,22,59,42,1,0,62,28,,0,0,36,0,0,54,48,0,38,22,19,12,9,15,2,70,34,14,35,9,70,0,0,13,12,18,2,30,13,21,0,0,0,0,0,0,0,0,0,24,0,27,16,16,44,0,62,0,49,50,0,17,0,0,,0
5/1/2019,17,0,10,0,3,0,54,0,0,18,48,44,1,0,62,0,,0,0,13,13,0,37,47,0,56,38,18,9,9,13,0,50,27,16,25,9,50,0,100,10,0,16,2,26,9,20,0,0,0,0,0,0,0,0,0,20,0,24,16,14,46,0,31,0,47,71,0,12,0,0,,0
6/1/2019,17,0,10,0,3,0,34,0,0,20,53,52,1,0,45,0,,0,0,38,0,0,49,0,0,32,22,17,8,10,11,0,100,27,17,30,8,47,0,0,9,13,18,0,35,12,27,0,0,0,0,0,0,0,0,0,24,0,25,18,15,60,0,24,0,54,48,0,18,0,0,,0
7/1/2019,16,0,12,0,4,0,34,0,0,20,58,43,1,0,54,0,,0,0,40,16,0,58,65,0,32,22,21,8,10,15,0,53,20,15,26,7,59,0,0,11,13,22,0,37,9,26,0,0,0,0,0,0,0,0,0,27,0,26,19,18,58,0,19,0,57,31,0,19,0,0,,100
8/1/2019,16,0,10,0,3,0,32,0,0,18,57,49,1,0,50,46,,0,0,43,0,0,43,0,0,52,25,20,9,8,11,0,57,23,14,23,6,51,0,0,10,0,19,0,30,12,25,1,0,0,0,0,0,0,17,0,23,0,25,17,17,59,6,18,0,61,55,0,19,0,0,,0
9/1/2019,22,0,10,0,5,0,38,0,0,22,60,53,2,0,69,64,,0,0,28,0,0,49,71,0,36,26,32,13,9,14,0,65,37,16,36,9,36,0,0,15,18,22,2,43,9,26,0,0,0,0,0,0,0,0,0,32,0,30,18,56,64,100,21,0,55,41,0,21,0,0,,0
10/1/2019,25,0,11,0,5,0,41,0,0,31,52,46,2,0,60,71,,0,0,23,0,100,52,54,0,26,29,35,14,11,15,0,79,31,17,31,9,53,0,0,12,18,20,2,36,9,25,0,0,0,0,0,0,0,17,0,31,0,29,17,18,58,0,22,0,63,52,0,19,0,0,,0
11/1/2019,16,0,9,0,5,0,38,0,0,24,47,43,2,0,69,40,,0,0,25,14,0,45,0,0,29,17,18,16,9,17,0,44,22,16,36,10,76,0,0,10,15,22,0,31,11,21,0,0,0,0,17,0,0,0,0,23,0,29,17,15,62,0,17,0,49,58,0,16,0,0,,94
12/1/2019,36,0,10,0,3,0,40,0,0,21,49,49,9,0,62,83,,0,0,19,0,0,45,42,0,32,27,39,16,8,18,2,68,24,13,33,9,81,0,0,12,14,16,0,31,8,24,0,0,0,0,40,0,0,0,0,24,0,28,18,17,66,0,22,0,50,57,0,16,0,0,,0
1/1/2020,34,0,12,32,3,0,39,0,0,21,51,47,3,0,51,85,,0,0,16,11,0,71,51,0,34,18,100,18,10,14,0,46,26,14,33,11,69,0,64,8,19,20,1,35,12,25,0,0,0,0,0,0,0,13,58,27,0,26,21,16,71,0,51,0,62,46,0,13,0,0,,0
2/1/2020,18,0,12,0,4,0,38,0,0,21,52,49,3,0,51,58,,0,0,19,0,0,65,65,0,31,23,31,9,10,13,0,80,28,16,24,11,62,83,0,14,15,21,0,38,11,27,0,0,0,0,0,0,0,14,0,30,0,27,16,18,54,0,51,0,58,52,0,16,0,0,,0
3/1/2020,20,0,8,30,3,0,55,0,0,18,35,44,2,0,50,24,,0,0,33,0,0,85,0,0,35,13,21,13,7,11,0,66,28,14,34,8,80,0,60,11,0,14,0,21,8,16,2,0,0,0,12,0,0,0,0,20,0,28,12,12,55,0,30,0,52,39,0,11,0,0,,0
4/1/2020,30,0,7,100,3,0,100,0,0,18,29,54,5,0,55,0,,0,0,51,0,0,99,36,0,43,41,31,29,7,10,0,55,37,19,26,8,80,0,0,9,12,10,0,14,12,9,4,0,0,0,70,0,0,13,51,10,0,28,11,10,50,0,13,0,63,41,0,19,0,0,,0
5/1/2020,20,0,12,48,4,0,65,0,100,23,36,52,11,0,56,27,,0,0,25,12,0,73,0,0,68,49,30,24,7,11,2,60,28,19,31,9,77,0,0,14,17,14,0,18,11,14,2,0,0,0,100,0,0,17,52,13,0,26,12,11,53,0,27,0,66,46,0,12,0,0,,0
6/1/2020,20,0,13,39,4,0,37,0,0,26,56,51,8,0,71,100,,0,0,26,0,0,100,43,0,40,32,25,26,7,12,2,0,25,17,31,9,56,0,0,12,15,16,0,34,7,26,1,0,100,0,47,0,0,13,56,27,0,25,12,15,54,0,76,0,63,35,0,18,0,0,,0
7/1/2020,18,0,13,34,4,0,35,0,92,20,57,58,9,0,72,86,,0,0,30,0,0,77,0,0,52,33,34,20,6,14,0,38,19,16,24,8,69,0,0,9,0,18,0,38,10,25,2,0,0,0,53,0,0,0,0,30,0,26,15,16,51,0,44,0,63,43,0,17,0,0,,0
8/1/2020,15,0,12,44,4,0,32,0,0,20,62,61,8,0,72,41,,0,0,34,14,0,54,56,0,37,33,22,22,9,14,0,0,27,16,30,9,87,0,0,9,11,15,2,31,12,23,0,0,0,0,27,0,0,14,0,25,0,28,16,16,52,0,28,0,71,54,0,20,0,0,,0
9/1/2020,13,0,12,31,4,0,34,0,0,21,59,53,4,0,53,48,,0,0,14,0,0,47,46,0,30,29,21,19,9,11,2,52,28,16,30,6,60,0,0,7,15,17,0,32,7,23,0,0,0,0,10,0,0,0,0,27,0,28,15,15,48,0,23,0,50,45,0,21,0,0,,0
10/1/2020,13,0,7,41,6,0,35,0,0,23,49,48,2,0,65,0,,0,0,18,0,0,49,46,0,31,36,21,14,6,9,2,0,24,12,21,5,37,0,0,8,0,13,0,21,6,16,0,0,0,0,21,0,0,11,0,16,0,23,13,11,42,0,18,0,56,56,0,16,0,0,,0
11/1/2020,13,0,6,52,4,0,38,0,0,25,45,49,1,0,69,0,,0,0,21,13,0,48,0,0,27,19,18,17,7,10,2,0,22,13,34,7,58,0,0,9,0,13,0,15,7,14,0,0,0,0,9,0,0,0,46,15,0,24,12,11,48,0,15,0,53,41,0,13,0,0,,0
12/1/2020,20,0,9,38,3,0,37,0,0,28,54,61,5,0,54,0,,0,0,15,0,0,44,44,0,30,31,37,19,4,13,2,46,29,16,30,8,63,0,0,9,12,14,0,20,9,17,1,0,0,0,39,0,0,15,50,18,0,26,12,12,55,0,23,0,62,52,0,14,0,0,,94
1/1/2021,17,0,9,35,3,0,36,0,0,29,56,63,6,0,72,0,,0,0,18,17,0,58,37,0,33,47,43,19,7,11,0,46,24,15,30,10,54,0,0,16,13,18,0,23,10,21,1,0,0,0,50,0,0,14,0,20,0,26,14,13,50,0,48,0,64,50,0,15,0,0,,0
2/1/2021,17,0,10,54,2,0,32,0,0,26,60,54,4,0,58,28,,0,0,18,0,0,70,56,0,38,14,25,21,4,7,2,45,20,13,30,8,66,0,0,11,13,18,0,21,6,20,0,0,0,0,26,0,0,0,0,22,0,23,16,12,54,0,44,0,63,49,0,16,0,0,,0
3/1/2021,13,0,8,38,4,0,33,0,0,28,45,56,5,0,64,0,,0,0,21,11,0,53,42,0,38,17,25,19,7,11,1,33,31,18,30,8,60,0,0,13,15,17,0,16,5,17,1,0,0,0,39,0,0,11,65,18,0,26,16,13,52,0,57,0,59,55,0,14,0,0,,0
4/1/2021,14,0,8,0,4,0,41,0,0,23,56,52,5,0,62,0,,0,0,11,0,0,60,40,0,54,23,22,17,8,11,2,0,30,16,30,10,72,0,0,10,0,15,0,16,9,15,1,0,0,0,32,0,0,0,0,16,0,23,16,11,45,0,57,0,63,51,0,12,0,0,,0
5/1/2021,13,0,8,0,4,0,30,0,0,21,51,56,3,0,54,0,,0,0,16,0,0,36,62,0,48,25,18,22,7,9,2,49,26,16,31,8,70,0,81,8,14,13,0,15,8,17,1,0,0,0,27,0,0,22,0,14,0,27,14,14,56,0,36,0,65,44,0,14,0,0,,0
6/1/2021,14,0,11,0,4,0,25,0,64,31,59,61,3,0,73,0,,0,0,15,13,0,37,0,0,45,26,25,21,10,14,0,87,28,17,37,10,92,0,65,9,17,19,0,22,8,24,0,0,0,0,18,0,0,14,53,19,0,27,19,14,57,0,34,0,74,51,0,43,0,0,,0
7/1/2021,18,0,10,0,4,0,25,0,0,19,53,65,3,0,60,25,,0,0,27,12,0,44,65,0,52,20,23,22,6,10,0,53,20,15,33,8,89,0,0,8,0,15,0,21,8,24,0,0,0,0,27,0,0,0,0,23,0,27,20,13,83,0,24,0,78,49,0,24,0,0,,0
8/1/2021,21,0,13,0,4,0,26,0,0,32,64,71,3,0,68,32,,0,0,29,0,0,70,65,0,34,26,26,22,9,13,1,84,24,19,38,10,83,0,0,12,12,18,1,19,6,23,0,0,0,0,17,0,0,0,0,19,0,28,24,16,58,0,25,0,73,50,0,100,0,0,,89
9/1/2021,14,0,12,0,4,0,29,0,87,28,66,62,3,0,61,0,,0,0,30,0,0,69,50,0,33,30,23,12,10,13,0,89,29,16,35,7,86,0,0,7,0,20,0,21,5,24,0,0,0,0,13,0,0,15,0,18,0,29,19,16,55,0,24,0,69,31,0,30,0,0,,0
10/1/2021,15,0,9,0,5,0,30,0,63,28,64,60,2,0,71,0,,0,0,15,0,0,32,50,0,28,22,24,10,7,15,0,77,33,16,27,8,75,0,0,13,16,21,0,18,7,20,0,0,0,0,12,0,0,0,60,15,0,29,18,16,48,0,22,0,65,55,0,20,0,0,,0
11/1/2021,15,0,10,0,5,0,30,0,58,24,60,59,2,0,76,31,,0,0,18,13,0,46,51,0,34,20,24,16,10,18,2,91,25,16,35,8,98,0,0,8,14,18,0,18,10,18,0,0,0,0,10,0,0,13,53,14,0,29,19,15,50,0,22,0,59,34,0,71,0,0,,0
12/1/2021,18,0,9,0,4,0,29,0,0,22,52,56,2,0,62,37,,0,0,27,0,0,32,63,0,34,14,35,11,7,14,0,53,29,15,33,8,71,0,0,8,14,16,0,20,8,17,1,0,0,0,6,0,0,0,0,15,0,25,19,13,55,0,26,0,67,46,0,20,100,0,,0
1/1/2022,17,0,15,0,4,88,34,0,0,25,61,73,3,0,67,53,,0,0,22,15,0,48,0,0,38,29,47,12,8,15,0,56,32,14,36,9,70,0,0,11,12,22,0,18,10,26,1,0,0,0,13,0,0,0,60,22,0,30,20,15,48,0,43,0,82,61,0,16,0,0,,0
2/1/2022,22,0,16,28,4,0,31,0,45,26,59,73,3,0,55,73,,0,0,20,0,0,66,81,51,45,22,37,11,8,13,2,68,23,16,44,8,92,0,49,12,17,22,0,16,11,29,0,0,0,0,6,0,0,13,43,23,0,31,21,16,51,0,43,0,85,62,0,50,51,100,,0
3/1/2022,17,0,15,38,4,0,31,0,0,34,59,68,3,0,64,38,,0,0,16,11,0,49,40,57,47,26,24,12,10,15,2,57,33,16,40,10,88,0,44,12,16,19,0,17,9,26,0,0,0,0,8,0,0,0,48,23,0,30,21,17,47,0,45,0,75,47,0,60,0,0,,0
4/1/2022,20,0,12,20,4,0,38,0,0,26,52,74,2,0,60,21,,0,0,17,9,0,59,64,0,78,25,26,14,9,14,1,77,25,16,39,10,71,0,0,10,15,19,0,17,8,20,0,0,0,0,4,0,0,12,40,15,0,27,19,14,44,0,45,0,81,70,0,35,33,0,,56
5/1/2022,18,0,14,41,5,0,25,0,0,28,57,73,2,0,66,32,,0,3,28,13,0,32,42,53,51,19,26,10,8,13,1,57,26,15,37,8,60,0,0,10,13,18,0,17,6,24,0,0,0,0,10,0,0,17,85,19,0,28,18,15,47,0,30,0,89,63,0,22,0,0,,0
6/1/2022,19,0,13,31,5,0,26,0,0,25,68,85,2,0,77,32,,0,0,31,15,0,44,55,0,54,27,31,9,7,16,0,73,22,17,32,8,38,0,0,11,10,22,1,23,6,29,0,0,0,0,7,0,0,0,38,22,0,29,19,17,50,0,30,0,92,55,0,36,0,0,,0
7/1/2022,16,0,14,44,4,0,25,0,43,23,71,82,2,0,67,27,,0,0,26,0,0,55,40,0,60,36,28,9,8,11,0,58,21,15,34,8,80,0,0,11,16,19,0,17,6,26,1,0,0,0,8,0,0,0,51,20,0,26,20,16,54,0,21,0,100,61,0,22,0,0,,0
8/1/2022,23,0,15,46,3,0,27,0,62,29,74,80,3,0,73,39,,0,0,33,13,0,54,57,0,44,27,31,10,7,14,1,69,31,17,39,7,65,0,0,9,19,19,1,18,7,29,1,0,0,0,5,0,0,10,48,22,0,30,24,17,54,0,29,0,96,60,0,26,36,0,,0
9/1/2022,21,0,13,62,5,0,30,0,73,35,81,80,3,0,76,57,,0,0,29,0,0,51,63,0,45,30,30,8,10,14,1,49,28,18,49,7,67,0,0,10,17,20,0,22,9,27,0,0,0,0,6,0,0,9,0,25,0,33,21,17,48,0,28,0,92,51,0,76,42,0,,0
10/1/2022,18,0,12,58,6,0,30,0,0,31,61,67,2,0,84,75,,0,3,24,10,56,43,51,0,42,29,25,15,8,15,1,59,30,17,45,7,70,0,42,9,19,20,0,19,8,23,0,0,58,0,5,0,0,0,47,24,0,32,19,16,52,0,23,0,78,55,0,61,40,0,,0
11/1/2022,13,0,11,0,6,0,28,0,54,27,56,60,2,0,85,62,,0,0,17,8,0,39,64,0,38,21,23,11,8,16,1,56,30,16,37,9,65,48,0,10,14,18,0,13,7,20,0,0,53,0,6,0,0,0,50,21,0,31,16,14,46,0,21,0,70,43,0,41,0,0,,0
12/1/2022,19,0,10,24,5,0,26,0,0,25,54,63,5,0,74,62,,0,4,16,0,0,60,40,0,38,14,34,8,6,13,2,51,31,14,37,8,72,0,0,10,11,15,1,15,8,19,0,0,0,0,13,0,0,0,0,17,0,29,18,14,58,0,25,0,74,61,0,25,58,0,,0
1/1/2023,23,0,14,35,4,0,29,0,41,25,65,73,3,0,69,65,,0,3,15,0,0,62,40,0,51,27,74,13,8,17,2,61,35,18,39,9,70,0,41,16,15,21,0,16,8,25,0,0,0,0,0,0,0,9,0,21,0,32,19,16,57,0,48,0,85,64,0,17,0,0,,0
2/1/2023,20,0,12,48,5,0,30,0,0,33,61,67,3,0,61,64,,0,0,18,0,54,56,64,0,53,29,34,9,7,13,1,65,29,16,42,7,51,73,0,11,9,18,1,19,10,28,0,0,0,0,0,0,0,11,0,22,0,30,19,16,50,0,47,0,70,58,0,23,46,0,,68
3/1/2023,19,0,11,42,4,0,31,0,38,29,50,66,3,0,60,40,,0,3,14,8,0,42,25,0,65,21,33,12,8,13,1,53,43,16,42,8,40,0,50,11,14,19,0,15,6,21,1,0,0,0,7,0,0,9,52,19,0,28,18,14,45,0,48,0,75,64,0,18,45,0,,0
4/1/2023,22,0,9,28,4,0,30,0,0,24,49,68,2,0,51,20,,0,4,16,0,45,53,46,0,100,22,34,12,7,10,2,38,28,15,42,9,42,0,0,15,17,15,0,10,5,19,1,0,0,0,0,0,0,15,57,15,0,26,18,12,49,0,54,0,91,55,0,14,0,0,,0
5/1/2023,21,0,13,44,5,0,26,0,0,31,64,66,7,0,70,44,,0,4,25,9,0,58,37,0,48,21,33,10,9,12,1,69,37,18,40,9,100,44,62,10,20,20,1,19,6,27,0,0,0,0,6,0,0,13,47,19,0,31,19,15,53,0,38,0,75,47,0,22,0,0,,0
6/1/2023,21,0,12,53,4,0,26,0,0,27,61,71,9,0,66,30,,0,0,25,11,0,44,51,0,76,20,32,13,7,11,1,46,22,16,38,8,64,0,0,8,14,16,0,12,5,24,0,0,0,0,5,0,0,10,46,19,0,27,19,13,56,0,24,0,95,43,0,23,0,0,,86
7/1/2023,21,0,12,34,4,0,23,0,0,25,68,79,8,0,69,48,,0,4,24,9,55,52,40,0,52,26,34,6,8,12,1,68,20,20,40,8,51,0,0,13,14,21,1,16,9,28,0,0,0,0,7,0,0,14,0,21,0,29,23,15,63,0,28,0,84,46,0,24,0,0,,0
8/1/2023,23,0,13,51,5,0,24,0,41,30,75,79,7,0,63,23,,0,0,31,0,60,63,61,0,47,35,35,9,9,13,1,57,26,19,40,8,65,0,0,10,13,22,1,16,7,28,1,0,0,0,0,0,0,10,60,25,0,30,22,16,54,0,26,0,80,46,0,67,43,0,,0
9/1/2023,21,0,14,46,5,0,30,0,0,35,74,77,7,0,68,21,,0,0,24,8,0,50,53,0,52,31,31,9,7,13,2,31,32,19,43,7,46,0,0,10,12,21,1,16,5,28,0,0,0,0,6,0,0,0,52,22,0,31,21,17,44,0,23,0,88,54,0,62,0,0,,0
10/1/2023,16,0,11,39,6,0,26,0,0,31,65,59,6,0,61,25,,0,3,19,9,0,52,54,0,51,11,29,5,6,13,2,38,36,16,34,7,61,0,0,10,11,19,1,15,5,20,0,0,0,0,0,0,0,68,37,20,0,28,18,13,50,0,20,0,66,56,0,25,34,0,,0
11/1/2023,19,0,10,32,5,0,29,0,0,30,63,62,6,0,70,0,,0,0,21,12,0,46,56,0,48,17,26,0,7,18,2,53,34,17,36,8,51,0,0,11,13,19,0,17,5,20,0,0,0,0,6,0,0,81,38,22,0,29,19,12,44,0,20,0,75,63,0,31,0,0,,0
12/1/2023,22,0,9,35,4,0,27,0,0,26,59,75,6,0,66,0,,0,0,20,7,0,51,36,0,50,17,38,7,8,13,2,31,32,15,37,6,72,0,0,13,12,18,0,13,9,20,0,0,0,0,5,0,0,100,0,18,0,26,17,12,54,0,23,0,83,53,0,21,0,0,,0
1/1/2024,31,0,10,26,5,0,26,0,53,26,66,76,7,0,55,0,,0,0,20,12,0,77,47,0,53,24,55,14,7,15,1,63,22,14,39,8,77,0,0,11,13,20,0,15,6,22,0,44,0,0,6,0,0,27,84,20,0,26,18,13,59,0,44,0,83,59,0,16,38,0,,0
2/1/2024,21,0,10,24,4,0,26,0,0,27,64,80,6,0,67,0,,0,0,12,10,0,62,33,0,54,23,26,9,8,12,1,62,26,17,34,8,86,0,0,13,14,20,1,18,7,23,0,0,0,0,6,0,0,15,90,21,0,28,19,14,55,0,54,0,88,51,0,24,64,0,,0
3/1/2024,20,0,10,25,5,100,29,0,0,25,53,85,7,0,60,0,,0,0,16,0,62,51,51,0,93,25,19,9,8,8,2,43,44,16,36,8,99,0,0,12,9,18,1,16,6,20,0,0,0,0,8,0,0,22,56,15,0,27,18,13,47,0,45,0,70,58,0,25,0,0,,0
4/1/2024,21,0,11,27,5,0,22,0,71,27,51,85,6,0,71,0,,0,0,22,12,0,50,32,0,75,22,22,6,6,12,0,48,31,18,33,10,82,0,0,16,11,16,0,17,6,22,0,0,0,0,8,0,0,21,52,13,0,27,19,12,55,0,53,0,73,48,0,28,0,0,,0
5/1/2024,20,0,14,31,6,0,22,0,0,26,64,82,5,0,64,0,,0,0,26,13,0,53,41,0,48,27,25,8,8,11,2,63,40,17,39,7,75,47,0,11,14,22,1,14,7,29,0,0,0,0,0,0,0,21,100,15,0,30,20,13,56,0,36,0,80,66,0,19,49,0,,0
6/1/2024,30,0,10,30,5,0,19,0,0,22,54,89,4,0,70,0,,0,0,21,0,0,36,36,0,78,34,22,6,7,9,0,51,32,18,39,7,59,0,0,11,12,17,0,14,7,23,0,0,0,0,6,0,0,19,0,17,0,27,19,12,67,0,20,0,91,50,0,16,0,0,,0
7/1/2024,22,0,7,29,4,0,27,0,0,21,52,60,3,0,55,0,,0,2,11,6,0,44,32,0,42,11,28,7,8,9,2,0,22,16,21,7,65,0,0,9,12,11,0,13,9,20,0,0,0,0,5,0,0,21,0,15,0,26,17,12,54,0,23,0,70,53,0,19,0,0,,0
8/1/2024,21,0,9,17,4,0,28,0,41,21,54,62,2,0,52,0,,0,2,9,0,0,36,31,0,33,11,22,6,7,8,1,0,21,16,21,7,61,0,0,9,11,11,0,13,8,20,0,0,0,0,5,0,0,19,0,13,0,26,17,12,54,0,23,0,70,53,0,19,0,0,,0
9/1/2024,22,0,11,19,5,0,31,0,41,21,52,62,3,0,68,0,,0,0,16,0,0,46,33,0,43,17,26,9,7,8,1,0,24,16,19,7,61,0,0,11,14,9,1,12,7,19,1,0,0,0,8,0,0,9,0,18,0,21,18,13,49,0,24,0,62,56,0,16,0,0,,0
